link,client.name,pe.contact,pe.address,pe.phone,pe.state,pe.email,pe.name,pe.type,producer.name,producer.npn,license.resident,license.state,license.license_number,issued.license,license.stateLicense,licenseDetail.loa,licenseDetail.effectiveDate,licenseDetail.expiration,Status
,"Amwins Group Benefits, Inc.","McCarthy, Timothy","50 Whitecap DriveNorth Kingstown, RI  02852",401-739-3330,RI,timothy.mccarthy@amwins.com,"Amwins Group Benefits, Inc.",Third Party Administrator,"Amwins Group Benefits, Inc.",1993001,Resident,RI,1089525,Producer,Insurance Producer,Accident/Health/Sickness,5/5/2014,5/31/2016,Active
,"Amwins Group Benefits, Inc.","McCarthy, Timothy","50 Whitecap DriveNorth Kingstown, RI  02852",401-739-3330,RI,timothy.mccarthy@amwins.com,"Amwins Group Benefits, Inc.",Third Party Administrator,"Amwins Group Benefits, Inc.",1993001,Resident,RI,1089525,Producer,Insurance Producer,Casualty,5/5/2014,5/31/2016,Active
,"Amwins Group Benefits, Inc.","McCarthy, Timothy","50 Whitecap DriveNorth Kingstown, RI  02852",401-739-3330,RI,timothy.mccarthy@amwins.com,"Amwins Group Benefits, Inc.",Third Party Administrator,"Amwins Group Benefits, Inc.",1993001,Resident,RI,1089525,Producer,Insurance Producer,Life,5/5/2014,5/31/2016,Active
,"Amwins Group Benefits, Inc.","McCarthy, Timothy","50 Whitecap DriveNorth Kingstown, RI  02852",401-739-3330,RI,timothy.mccarthy@amwins.com,"Amwins Group Benefits, Inc.",Third Party Administrator,"Amwins Group Benefits, Inc.",1993001,Resident,RI,1089525,Producer,Insurance Producer,Property,5/5/2014,5/31/2016,Active
,"Amwins Group Benefits, Inc.","McCarthy, Timothy","50 Whitecap DriveNorth Kingstown, RI  02852",401-739-3330,RI,timothy.mccarthy@amwins.com,"Amwins Group Benefits, Inc.",Third Party Administrator,"Amwins Group Benefits, Inc.",1993001,Non-resident,Alaska,43258,Producer,Producer,Casualty,5/2/2014,1/12/2017,Active
,"Amwins Group Benefits, Inc.","McCarthy, Timothy","50 Whitecap DriveNorth Kingstown, RI  02852",401-739-3330,RI,timothy.mccarthy@amwins.com,"Amwins Group Benefits, Inc.",Third Party Administrator,"Amwins Group Benefits, Inc.",1993001,Non-resident,Alaska,43258,Producer,Producer,Health,1/12/2005,1/12/2017,Active
,"Amwins Group Benefits, Inc.","McCarthy, Timothy","50 Whitecap DriveNorth Kingstown, RI  02852",401-739-3330,RI,timothy.mccarthy@amwins.com,"Amwins Group Benefits, Inc.",Third Party Administrator,"Amwins Group Benefits, Inc.",1993001,Non-resident,Alaska,43258,Producer,Producer,Life,1/12/2005,1/12/2017,Active
,"Amwins Group Benefits, Inc.","McCarthy, Timothy","50 Whitecap DriveNorth Kingstown, RI  02852",401-739-3330,RI,timothy.mccarthy@amwins.com,"Amwins Group Benefits, Inc.",Third Party Administrator,"Amwins Group Benefits, Inc.",1993001,Non-resident,Alaska,43258,Producer,Producer,Property,5/2/2014,1/12/2017,Active
,"Amwins Group Benefits, Inc.","McCarthy, Timothy","50 Whitecap DriveNorth Kingstown, RI  02852",401-739-3330,RI,timothy.mccarthy@amwins.com,"Amwins Group Benefits, Inc.",Third Party Administrator,"Amwins Group Benefits, Inc.",1993001,Non-resident,Alabama,185160,Producer,Business Entity Producer,Accident/Health/Sickness,6/13/2002,12/31/2016,Active
,"Amwins Group Benefits, Inc.","McCarthy, Timothy","50 Whitecap DriveNorth Kingstown, RI  02852",401-739-3330,RI,timothy.mccarthy@amwins.com,"Amwins Group Benefits, Inc.",Third Party Administrator,"Amwins Group Benefits, Inc.",1993001,Non-resident,Alabama,185160,Producer,Business Entity Producer,Casualty,6/13/2002,12/31/2016,Active
,"Amwins Group Benefits, Inc.","McCarthy, Timothy","50 Whitecap DriveNorth Kingstown, RI  02852",401-739-3330,RI,timothy.mccarthy@amwins.com,"Amwins Group Benefits, Inc.",Third Party Administrator,"Amwins Group Benefits, Inc.",1993001,Non-resident,Alabama,185160,Producer,Business Entity Producer,Life,6/13/2002,12/31/2016,Active
,"Amwins Group Benefits, Inc.","McCarthy, Timothy","50 Whitecap DriveNorth Kingstown, RI  02852",401-739-3330,RI,timothy.mccarthy@amwins.com,"Amwins Group Benefits, Inc.",Third Party Administrator,"Amwins Group Benefits, Inc.",1993001,Non-resident,Alabama,185160,Producer,Business Entity Producer,Property,6/13/2002,12/31/2016,Active
,"Amwins Group Benefits, Inc.","McCarthy, Timothy","50 Whitecap DriveNorth Kingstown, RI  02852",401-739-3330,RI,timothy.mccarthy@amwins.com,"Amwins Group Benefits, Inc.",Third Party Administrator,"Amwins Group Benefits, Inc.",1993001,Non-resident,Arkansas,100101276,Producer,Producer,Accident/Health/Sickness,3/23/2001,9/30/2016,Active
,"Amwins Group Benefits, Inc.","McCarthy, Timothy","50 Whitecap DriveNorth Kingstown, RI  02852",401-739-3330,RI,timothy.mccarthy@amwins.com,"Amwins Group Benefits, Inc.",Third Party Administrator,"Amwins Group Benefits, Inc.",1993001,Non-resident,Arkansas,100101276,Producer,Producer,Casualty,1/30/2001,9/30/2016,Active
,"Amwins Group Benefits, Inc.","McCarthy, Timothy","50 Whitecap DriveNorth Kingstown, RI  02852",401-739-3330,RI,timothy.mccarthy@amwins.com,"Amwins Group Benefits, Inc.",Third Party Administrator,"Amwins Group Benefits, Inc.",1993001,Non-resident,Arkansas,100101276,Producer,Producer,Commercial Liability,7/8/2015,9/30/2016,Active
,"Amwins Group Benefits, Inc.","McCarthy, Timothy","50 Whitecap DriveNorth Kingstown, RI  02852",401-739-3330,RI,timothy.mccarthy@amwins.com,"Amwins Group Benefits, Inc.",Third Party Administrator,"Amwins Group Benefits, Inc.",1993001,Non-resident,Arkansas,100101276,Producer,Producer,Credit,7/8/2015,9/30/2016,Active
,"Amwins Group Benefits, Inc.","McCarthy, Timothy","50 Whitecap DriveNorth Kingstown, RI  02852",401-739-3330,RI,timothy.mccarthy@amwins.com,"Amwins Group Benefits, Inc.",Third Party Administrator,"Amwins Group Benefits, Inc.",1993001,Non-resident,Arkansas,100101276,Producer,Producer,Crop,7/8/2015,9/30/2016,Active
,"Amwins Group Benefits, Inc.","McCarthy, Timothy","50 Whitecap DriveNorth Kingstown, RI  02852",401-739-3330,RI,timothy.mccarthy@amwins.com,"Amwins Group Benefits, Inc.",Third Party Administrator,"Amwins Group Benefits, Inc.",1993001,Non-resident,Arkansas,100101276,Producer,Producer,Fixed Annuities,7/8/2015,9/30/2016,Active
,"Amwins Group Benefits, Inc.","McCarthy, Timothy","50 Whitecap DriveNorth Kingstown, RI  02852",401-739-3330,RI,timothy.mccarthy@amwins.com,"Amwins Group Benefits, Inc.",Third Party Administrator,"Amwins Group Benefits, Inc.",1993001,Non-resident,Arkansas,100101276,Producer,Producer,Funeral Expenses,7/8/2015,9/30/2016,Active
,"Amwins Group Benefits, Inc.","McCarthy, Timothy","50 Whitecap DriveNorth Kingstown, RI  02852",401-739-3330,RI,timothy.mccarthy@amwins.com,"Amwins Group Benefits, Inc.",Third Party Administrator,"Amwins Group Benefits, Inc.",1993001,Non-resident,Arkansas,100101276,Producer,Producer,Health Maintenance Dental,7/8/2015,9/30/2016,Active
,"Amwins Group Benefits, Inc.","McCarthy, Timothy","50 Whitecap DriveNorth Kingstown, RI  02852",401-739-3330,RI,timothy.mccarthy@amwins.com,"Amwins Group Benefits, Inc.",Third Party Administrator,"Amwins Group Benefits, Inc.",1993001,Non-resident,Arkansas,100101276,Producer,Producer,Health Maintenance Org,7/8/2015,9/30/2016,Active
,"Amwins Group Benefits, Inc.","McCarthy, Timothy","50 Whitecap DriveNorth Kingstown, RI  02852",401-739-3330,RI,timothy.mccarthy@amwins.com,"Amwins Group Benefits, Inc.",Third Party Administrator,"Amwins Group Benefits, Inc.",1993001,Non-resident,Arkansas,100101276,Producer,Producer,Life,3/23/2001,9/30/2016,Active
,"Amwins Group Benefits, Inc.","McCarthy, Timothy","50 Whitecap DriveNorth Kingstown, RI  02852",401-739-3330,RI,timothy.mccarthy@amwins.com,"Amwins Group Benefits, Inc.",Third Party Administrator,"Amwins Group Benefits, Inc.",1993001,Non-resident,Arkansas,100101276,Producer,Producer,Marine,7/8/2015,9/30/2016,Active
,"Amwins Group Benefits, Inc.","McCarthy, Timothy","50 Whitecap DriveNorth Kingstown, RI  02852",401-739-3330,RI,timothy.mccarthy@amwins.com,"Amwins Group Benefits, Inc.",Third Party Administrator,"Amwins Group Benefits, Inc.",1993001,Non-resident,Arkansas,100101276,Producer,Producer,Miscellaneous,7/8/2015,9/30/2016,Active
,"Amwins Group Benefits, Inc.","McCarthy, Timothy","50 Whitecap DriveNorth Kingstown, RI  02852",401-739-3330,RI,timothy.mccarthy@amwins.com,"Amwins Group Benefits, Inc.",Third Party Administrator,"Amwins Group Benefits, Inc.",1993001,Non-resident,Arkansas,100101276,Producer,Producer,Mobile Home,7/8/2015,9/30/2016,Active
,"Amwins Group Benefits, Inc.","McCarthy, Timothy","50 Whitecap DriveNorth Kingstown, RI  02852",401-739-3330,RI,timothy.mccarthy@amwins.com,"Amwins Group Benefits, Inc.",Third Party Administrator,"Amwins Group Benefits, Inc.",1993001,Non-resident,Arkansas,100101276,Producer,Producer,Motor Club,7/8/2015,9/30/2016,Active
,"Amwins Group Benefits, Inc.","McCarthy, Timothy","50 Whitecap DriveNorth Kingstown, RI  02852",401-739-3330,RI,timothy.mccarthy@amwins.com,"Amwins Group Benefits, Inc.",Third Party Administrator,"Amwins Group Benefits, Inc.",1993001,Non-resident,Arkansas,100101276,Producer,Producer,Personal Lines,1/30/2001,9/30/2016,Active
,"Amwins Group Benefits, Inc.","McCarthy, Timothy","50 Whitecap DriveNorth Kingstown, RI  02852",401-739-3330,RI,timothy.mccarthy@amwins.com,"Amwins Group Benefits, Inc.",Third Party Administrator,"Amwins Group Benefits, Inc.",1993001,Non-resident,Arkansas,100101276,Producer,Producer,Prepaid Legal,7/8/2015,9/30/2016,Active
,"Amwins Group Benefits, Inc.","McCarthy, Timothy","50 Whitecap DriveNorth Kingstown, RI  02852",401-739-3330,RI,timothy.mccarthy@amwins.com,"Amwins Group Benefits, Inc.",Third Party Administrator,"Amwins Group Benefits, Inc.",1993001,Non-resident,Arkansas,100101276,Producer,Producer,Property,1/30/2001,9/30/2016,Active
,"Amwins Group Benefits, Inc.","McCarthy, Timothy","50 Whitecap DriveNorth Kingstown, RI  02852",401-739-3330,RI,timothy.mccarthy@amwins.com,"Amwins Group Benefits, Inc.",Third Party Administrator,"Amwins Group Benefits, Inc.",1993001,Non-resident,Arkansas,100101276,Producer,Producer,Travel/Accident,7/8/2015,9/30/2016,Active
,"Amwins Group Benefits, Inc.","McCarthy, Timothy","50 Whitecap DriveNorth Kingstown, RI  02852",401-739-3330,RI,timothy.mccarthy@amwins.com,"Amwins Group Benefits, Inc.",Third Party Administrator,"Amwins Group Benefits, Inc.",1993001,Non-resident,Arkansas,100101276,Producer,Producer,Variable Products,7/8/2015,9/30/2016,Active
,"Amwins Group Benefits, Inc.","McCarthy, Timothy","50 Whitecap DriveNorth Kingstown, RI  02852",401-739-3330,RI,timothy.mccarthy@amwins.com,"Amwins Group Benefits, Inc.",Third Party Administrator,"Amwins Group Benefits, Inc.",1993001,Non-resident,Arizona,191179,Producer,Insurance Professional,Casualty,1/10/2005,1/31/2019,Active
,"Amwins Group Benefits, Inc.","McCarthy, Timothy","50 Whitecap DriveNorth Kingstown, RI  02852",401-739-3330,RI,timothy.mccarthy@amwins.com,"Amwins Group Benefits, Inc.",Third Party Administrator,"Amwins Group Benefits, Inc.",1993001,Non-resident,Arizona,191179,Producer,Insurance Professional,Life,1/10/2005,1/31/2019,Active
,"Amwins Group Benefits, Inc.","McCarthy, Timothy","50 Whitecap DriveNorth Kingstown, RI  02852",401-739-3330,RI,timothy.mccarthy@amwins.com,"Amwins Group Benefits, Inc.",Third Party Administrator,"Amwins Group Benefits, Inc.",1993001,Non-resident,Arizona,191179,Producer,Insurance Professional,Property,1/10/2005,1/31/2019,Active
,"Amwins Group Benefits, Inc.","McCarthy, Timothy","50 Whitecap DriveNorth Kingstown, RI  02852",401-739-3330,RI,timothy.mccarthy@amwins.com,"Amwins Group Benefits, Inc.",Third Party Administrator,"Amwins Group Benefits, Inc.",1993001,Non-resident,Arizona,191179,Producer,Insurance Professional,Accident/Health/Sickness,1/10/2005,1/31/2019,Active
,"Amwins Group Benefits, Inc.","McCarthy, Timothy","50 Whitecap DriveNorth Kingstown, RI  02852",401-739-3330,RI,timothy.mccarthy@amwins.com,"Amwins Group Benefits, Inc.",Third Party Administrator,"Amwins Group Benefits, Inc.",1993001,Non-resident,California,0D28750,Producer,Insurance Producer,Accident/Health Agent,4/30/2001,4/30/2017,Active
,"Amwins Group Benefits, Inc.","McCarthy, Timothy","50 Whitecap DriveNorth Kingstown, RI  02852",401-739-3330,RI,timothy.mccarthy@amwins.com,"Amwins Group Benefits, Inc.",Third Party Administrator,"Amwins Group Benefits, Inc.",1993001,Non-resident,California,0D28750,Producer,Insurance Producer,Casualty Broker Agent,11/8/2010,4/30/2017,Active
,"Amwins Group Benefits, Inc.","McCarthy, Timothy","50 Whitecap DriveNorth Kingstown, RI  02852",401-739-3330,RI,timothy.mccarthy@amwins.com,"Amwins Group Benefits, Inc.",Third Party Administrator,"Amwins Group Benefits, Inc.",1993001,Non-resident,California,0D28750,Producer,Insurance Producer,Life Only Agent,4/30/2001,4/30/2017,Active
,"Amwins Group Benefits, Inc.","McCarthy, Timothy","50 Whitecap DriveNorth Kingstown, RI  02852",401-739-3330,RI,timothy.mccarthy@amwins.com,"Amwins Group Benefits, Inc.",Third Party Administrator,"Amwins Group Benefits, Inc.",1993001,Non-resident,California,0D28750,Producer,Insurance Producer,Property Broker Agent,11/8/2010,4/30/2017,Active
,"Amwins Group Benefits, Inc.","McCarthy, Timothy","50 Whitecap DriveNorth Kingstown, RI  02852",401-739-3330,RI,timothy.mccarthy@amwins.com,"Amwins Group Benefits, Inc.",Third Party Administrator,"Amwins Group Benefits, Inc.",1993001,Non-resident,Colorado,115918,Producer,Producer,Accident/Health,11/22/2000,12/1/2015,Active
,"Amwins Group Benefits, Inc.","McCarthy, Timothy","50 Whitecap DriveNorth Kingstown, RI  02852",401-739-3330,RI,timothy.mccarthy@amwins.com,"Amwins Group Benefits, Inc.",Third Party Administrator,"Amwins Group Benefits, Inc.",1993001,Non-resident,Colorado,115918,Producer,Producer,Casualty,11/22/2000,12/1/2015,Active
,"Amwins Group Benefits, Inc.","McCarthy, Timothy","50 Whitecap DriveNorth Kingstown, RI  02852",401-739-3330,RI,timothy.mccarthy@amwins.com,"Amwins Group Benefits, Inc.",Third Party Administrator,"Amwins Group Benefits, Inc.",1993001,Non-resident,Colorado,115918,Producer,Producer,Life,11/22/2000,12/1/2015,Active
,"Amwins Group Benefits, Inc.","McCarthy, Timothy","50 Whitecap DriveNorth Kingstown, RI  02852",401-739-3330,RI,timothy.mccarthy@amwins.com,"Amwins Group Benefits, Inc.",Third Party Administrator,"Amwins Group Benefits, Inc.",1993001,Non-resident,Colorado,115918,Producer,Producer,Property,11/22/2000,12/1/2015,Active
,"Amwins Group Benefits, Inc.","McCarthy, Timothy","50 Whitecap DriveNorth Kingstown, RI  02852",401-739-3330,RI,timothy.mccarthy@amwins.com,"Amwins Group Benefits, Inc.",Third Party Administrator,"Amwins Group Benefits, Inc.",1993001,Non-resident,Connecticut,985266,Producer,Producer,Accident/Health,8/1/2000,1/31/2016,Active
,"Amwins Group Benefits, Inc.","McCarthy, Timothy","50 Whitecap DriveNorth Kingstown, RI  02852",401-739-3330,RI,timothy.mccarthy@amwins.com,"Amwins Group Benefits, Inc.",Third Party Administrator,"Amwins Group Benefits, Inc.",1993001,Non-resident,Connecticut,985266,Producer,Producer,Credit Products,8/1/2000,1/31/2016,Active
,"Amwins Group Benefits, Inc.","McCarthy, Timothy","50 Whitecap DriveNorth Kingstown, RI  02852",401-739-3330,RI,timothy.mccarthy@amwins.com,"Amwins Group Benefits, Inc.",Third Party Administrator,"Amwins Group Benefits, Inc.",1993001,Non-resident,Connecticut,985266,Producer,Producer,Casualty,8/1/2000,1/31/2016,Active
,"Amwins Group Benefits, Inc.","McCarthy, Timothy","50 Whitecap DriveNorth Kingstown, RI  02852",401-739-3330,RI,timothy.mccarthy@amwins.com,"Amwins Group Benefits, Inc.",Third Party Administrator,"Amwins Group Benefits, Inc.",1993001,Non-resident,Connecticut,985266,Producer,Producer,Life,8/1/2000,1/31/2016,Active
,"Amwins Group Benefits, Inc.","McCarthy, Timothy","50 Whitecap DriveNorth Kingstown, RI  02852",401-739-3330,RI,timothy.mccarthy@amwins.com,"Amwins Group Benefits, Inc.",Third Party Administrator,"Amwins Group Benefits, Inc.",1993001,Non-resident,Connecticut,985266,Producer,Producer,Property,8/1/2000,1/31/2016,Active
,"Amwins Group Benefits, Inc.","McCarthy, Timothy","50 Whitecap DriveNorth Kingstown, RI  02852",401-739-3330,RI,timothy.mccarthy@amwins.com,"Amwins Group Benefits, Inc.",Third Party Administrator,"Amwins Group Benefits, Inc.",1993001,Non-resident,Connecticut,985266,Producer,Producer,Travel/Accident,8/1/2000,1/31/2016,Active
,"Amwins Group Benefits, Inc.","McCarthy, Timothy","50 Whitecap DriveNorth Kingstown, RI  02852",401-739-3330,RI,timothy.mccarthy@amwins.com,"Amwins Group Benefits, Inc.",Third Party Administrator,"Amwins Group Benefits, Inc.",1993001,Non-resident,Connecticut,985266,Producer,Producer,Baggage,8/1/2000,1/31/2016,Active
,"Amwins Group Benefits, Inc.","McCarthy, Timothy","50 Whitecap DriveNorth Kingstown, RI  02852",401-739-3330,RI,timothy.mccarthy@amwins.com,"Amwins Group Benefits, Inc.",Third Party Administrator,"Amwins Group Benefits, Inc.",1993001,Non-resident,District of Columbia,9901662,Producer,Producer,Accident/Health/Sickness,1/1/2001,5/31/2017,Active
,"Amwins Group Benefits, Inc.","McCarthy, Timothy","50 Whitecap DriveNorth Kingstown, RI  02852",401-739-3330,RI,timothy.mccarthy@amwins.com,"Amwins Group Benefits, Inc.",Third Party Administrator,"Amwins Group Benefits, Inc.",1993001,Non-resident,District of Columbia,9901662,Producer,Producer,Casualty,1/1/2001,5/31/2017,Active
,"Amwins Group Benefits, Inc.","McCarthy, Timothy","50 Whitecap DriveNorth Kingstown, RI  02852",401-739-3330,RI,timothy.mccarthy@amwins.com,"Amwins Group Benefits, Inc.",Third Party Administrator,"Amwins Group Benefits, Inc.",1993001,Non-resident,District of Columbia,9901662,Producer,Producer,Life,1/1/2001,5/31/2017,Active
,"Amwins Group Benefits, Inc.","McCarthy, Timothy","50 Whitecap DriveNorth Kingstown, RI  02852",401-739-3330,RI,timothy.mccarthy@amwins.com,"Amwins Group Benefits, Inc.",Third Party Administrator,"Amwins Group Benefits, Inc.",1993001,Non-resident,Delaware,150033,Producer,Producer,No LOA Needed,3/14/2001,2/28/2017,Active
,"Amwins Group Benefits, Inc.","McCarthy, Timothy","50 Whitecap DriveNorth Kingstown, RI  02852",401-739-3330,RI,timothy.mccarthy@amwins.com,"Amwins Group Benefits, Inc.",Third Party Administrator,"Amwins Group Benefits, Inc.",1993001,Non-resident,Florida,L007016,Producer,Agency,Lines Determined by Agent,7/25/2006,,Active
,"Amwins Group Benefits, Inc.","McCarthy, Timothy","50 Whitecap DriveNorth Kingstown, RI  02852",401-739-3330,RI,timothy.mccarthy@amwins.com,"Amwins Group Benefits, Inc.",Third Party Administrator,"Amwins Group Benefits, Inc.",1993001,Non-resident,Georgia,118614,Producer,Principal Agency,Life,1/23/2007,12/31/2016,Active
,"Amwins Group Benefits, Inc.","McCarthy, Timothy","50 Whitecap DriveNorth Kingstown, RI  02852",401-739-3330,RI,timothy.mccarthy@amwins.com,"Amwins Group Benefits, Inc.",Third Party Administrator,"Amwins Group Benefits, Inc.",1993001,Non-resident,Georgia,118614,Producer,Principal Agency,Casualty,2/14/2008,12/31/2016,Active
,"Amwins Group Benefits, Inc.","McCarthy, Timothy","50 Whitecap DriveNorth Kingstown, RI  02852",401-739-3330,RI,timothy.mccarthy@amwins.com,"Amwins Group Benefits, Inc.",Third Party Administrator,"Amwins Group Benefits, Inc.",1993001,Non-resident,Georgia,118614,Producer,Principal Agency,Property ,2/14/2008,12/31/2016,Active
,"Amwins Group Benefits, Inc.","McCarthy, Timothy","50 Whitecap DriveNorth Kingstown, RI  02852",401-739-3330,RI,timothy.mccarthy@amwins.com,"Amwins Group Benefits, Inc.",Third Party Administrator,"Amwins Group Benefits, Inc.",1993001,Non-resident,Georgia,118614,Producer,Principal Agency,Accident/Sickness,1/23/2007,12/31/2016,Active
,"Amwins Group Benefits, Inc.","McCarthy, Timothy","50 Whitecap DriveNorth Kingstown, RI  02852",401-739-3330,RI,timothy.mccarthy@amwins.com,"Amwins Group Benefits, Inc.",Third Party Administrator,"Amwins Group Benefits, Inc.",1993001,Non-resident,Hawaii,333909,Producer,Producer,Accident/Health/Sickness,3/30/2006,4/16/2016,Active
,"Amwins Group Benefits, Inc.","McCarthy, Timothy","50 Whitecap DriveNorth Kingstown, RI  02852",401-739-3330,RI,timothy.mccarthy@amwins.com,"Amwins Group Benefits, Inc.",Third Party Administrator,"Amwins Group Benefits, Inc.",1993001,Non-resident,Hawaii,333909,Producer,Producer,Casualty,3/30/2006,4/16/2016,Active
,"Amwins Group Benefits, Inc.","McCarthy, Timothy","50 Whitecap DriveNorth Kingstown, RI  02852",401-739-3330,RI,timothy.mccarthy@amwins.com,"Amwins Group Benefits, Inc.",Third Party Administrator,"Amwins Group Benefits, Inc.",1993001,Non-resident,Hawaii,333909,Producer,Producer,Life,3/30/2006,4/16/2016,Active
,"Amwins Group Benefits, Inc.","McCarthy, Timothy","50 Whitecap DriveNorth Kingstown, RI  02852",401-739-3330,RI,timothy.mccarthy@amwins.com,"Amwins Group Benefits, Inc.",Third Party Administrator,"Amwins Group Benefits, Inc.",1993001,Non-resident,Hawaii,333909,Producer,Producer,Marine,3/30/2006,4/16/2016,Active
,"Amwins Group Benefits, Inc.","McCarthy, Timothy","50 Whitecap DriveNorth Kingstown, RI  02852",401-739-3330,RI,timothy.mccarthy@amwins.com,"Amwins Group Benefits, Inc.",Third Party Administrator,"Amwins Group Benefits, Inc.",1993001,Non-resident,Hawaii,333909,Producer,Producer,Property,3/30/2006,4/16/2016,Active
,"Amwins Group Benefits, Inc.","McCarthy, Timothy","50 Whitecap DriveNorth Kingstown, RI  02852",401-739-3330,RI,timothy.mccarthy@amwins.com,"Amwins Group Benefits, Inc.",Third Party Administrator,"Amwins Group Benefits, Inc.",1993001,Non-resident,Hawaii,333909,Producer,Producer,Vehicle,3/30/2006,4/16/2016,Active
,"Amwins Group Benefits, Inc.","McCarthy, Timothy","50 Whitecap DriveNorth Kingstown, RI  02852",401-739-3330,RI,timothy.mccarthy@amwins.com,"Amwins Group Benefits, Inc.",Third Party Administrator,"Amwins Group Benefits, Inc.",1993001,Non-resident,Iowa,1001000436,Producer,Business Entity Producer,Determined by Affiliated Prod,7/25/2000,9/30/2018,Active
,"Amwins Group Benefits, Inc.","McCarthy, Timothy","50 Whitecap DriveNorth Kingstown, RI  02852",401-739-3330,RI,timothy.mccarthy@amwins.com,"Amwins Group Benefits, Inc.",Third Party Administrator,"Amwins Group Benefits, Inc.",1993001,Non-resident,Idaho,118699,Producer,Producer,Casualty,4/27/2007,1/1/2017,Active
,"Amwins Group Benefits, Inc.","McCarthy, Timothy","50 Whitecap DriveNorth Kingstown, RI  02852",401-739-3330,RI,timothy.mccarthy@amwins.com,"Amwins Group Benefits, Inc.",Third Party Administrator,"Amwins Group Benefits, Inc.",1993001,Non-resident,Idaho,118699,Producer,Producer,Disability/Health,12/22/2004,1/1/2017,Active
,"Amwins Group Benefits, Inc.","McCarthy, Timothy","50 Whitecap DriveNorth Kingstown, RI  02852",401-739-3330,RI,timothy.mccarthy@amwins.com,"Amwins Group Benefits, Inc.",Third Party Administrator,"Amwins Group Benefits, Inc.",1993001,Non-resident,Idaho,118699,Producer,Producer,Life,12/22/2004,1/1/2017,Active
,"Amwins Group Benefits, Inc.","McCarthy, Timothy","50 Whitecap DriveNorth Kingstown, RI  02852",401-739-3330,RI,timothy.mccarthy@amwins.com,"Amwins Group Benefits, Inc.",Third Party Administrator,"Amwins Group Benefits, Inc.",1993001,Non-resident,Idaho,118699,Producer,Producer,Property,4/27/2007,1/1/2017,Active
,"Amwins Group Benefits, Inc.","McCarthy, Timothy","50 Whitecap DriveNorth Kingstown, RI  02852",401-739-3330,RI,timothy.mccarthy@amwins.com,"Amwins Group Benefits, Inc.",Third Party Administrator,"Amwins Group Benefits, Inc.",1993001,Non-resident,Illinois,100282422,Producer,Producer,No LOA Needed,5/17/2004,5/31/2016,Active
,"Amwins Group Benefits, Inc.","McCarthy, Timothy","50 Whitecap DriveNorth Kingstown, RI  02852",401-739-3330,RI,timothy.mccarthy@amwins.com,"Amwins Group Benefits, Inc.",Third Party Administrator,"Amwins Group Benefits, Inc.",1993001,Non-resident,Indiana,32351,Producer,Producer - Organization (Corp),Life,3/22/2002,1/31/2016,Active
,"Amwins Group Benefits, Inc.","McCarthy, Timothy","50 Whitecap DriveNorth Kingstown, RI  02852",401-739-3330,RI,timothy.mccarthy@amwins.com,"Amwins Group Benefits, Inc.",Third Party Administrator,"Amwins Group Benefits, Inc.",1993001,Non-resident,Indiana,32351,Producer,Producer - Organization (Corp),Accident/Health,3/22/2002,1/31/2016,Active
,"Amwins Group Benefits, Inc.","McCarthy, Timothy","50 Whitecap DriveNorth Kingstown, RI  02852",401-739-3330,RI,timothy.mccarthy@amwins.com,"Amwins Group Benefits, Inc.",Third Party Administrator,"Amwins Group Benefits, Inc.",1993001,Non-resident,Indiana,32351,Producer,Producer - Organization (Corp),Property,8/29/2007,1/31/2016,Active
,"Amwins Group Benefits, Inc.","McCarthy, Timothy","50 Whitecap DriveNorth Kingstown, RI  02852",401-739-3330,RI,timothy.mccarthy@amwins.com,"Amwins Group Benefits, Inc.",Third Party Administrator,"Amwins Group Benefits, Inc.",1993001,Non-resident,Indiana,32351,Producer,Producer - Organization (Corp),Casualty,8/29/2007,1/31/2016,Active
,"Amwins Group Benefits, Inc.","McCarthy, Timothy","50 Whitecap DriveNorth Kingstown, RI  02852",401-739-3330,RI,timothy.mccarthy@amwins.com,"Amwins Group Benefits, Inc.",Third Party Administrator,"Amwins Group Benefits, Inc.",1993001,Non-resident,Kansas,050461576-0,Producer,Agency,Lines Held by Employees,4/10/2001,4/10/2017,Active
,"Amwins Group Benefits, Inc.","McCarthy, Timothy","50 Whitecap DriveNorth Kingstown, RI  02852",401-739-3330,RI,timothy.mccarthy@amwins.com,"Amwins Group Benefits, Inc.",Third Party Administrator,"Amwins Group Benefits, Inc.",1993001,Non-resident,Kentucky,DOI-521331,Producer,Agent,Casualty,3/9/2001,3/31/2016,Active
,"Amwins Group Benefits, Inc.","McCarthy, Timothy","50 Whitecap DriveNorth Kingstown, RI  02852",401-739-3330,RI,timothy.mccarthy@amwins.com,"Amwins Group Benefits, Inc.",Third Party Administrator,"Amwins Group Benefits, Inc.",1993001,Non-resident,Kentucky,DOI-521331,Producer,Agent,Health,3/9/2001,3/31/2016,Active
,"Amwins Group Benefits, Inc.","McCarthy, Timothy","50 Whitecap DriveNorth Kingstown, RI  02852",401-739-3330,RI,timothy.mccarthy@amwins.com,"Amwins Group Benefits, Inc.",Third Party Administrator,"Amwins Group Benefits, Inc.",1993001,Non-resident,Kentucky,DOI-521331,Producer,Agent,Life,3/9/2001,3/31/2016,Active
,"Amwins Group Benefits, Inc.","McCarthy, Timothy","50 Whitecap DriveNorth Kingstown, RI  02852",401-739-3330,RI,timothy.mccarthy@amwins.com,"Amwins Group Benefits, Inc.",Third Party Administrator,"Amwins Group Benefits, Inc.",1993001,Non-resident,Kentucky,DOI-521331,Producer,Agent,Property,3/9/2001,3/31/2016,Active
,"Amwins Group Benefits, Inc.","McCarthy, Timothy","50 Whitecap DriveNorth Kingstown, RI  02852",401-739-3330,RI,timothy.mccarthy@amwins.com,"Amwins Group Benefits, Inc.",Third Party Administrator,"Amwins Group Benefits, Inc.",1993001,Non-resident,Louisiana,289631,Producer,Producer Agency,Accident/Health,6/19/2002,4/30/2018,Active
,"Amwins Group Benefits, Inc.","McCarthy, Timothy","50 Whitecap DriveNorth Kingstown, RI  02852",401-739-3330,RI,timothy.mccarthy@amwins.com,"Amwins Group Benefits, Inc.",Third Party Administrator,"Amwins Group Benefits, Inc.",1993001,Non-resident,Louisiana,289631,Producer,Producer Agency,Casualty,6/19/2002,4/30/2017,Active
,"Amwins Group Benefits, Inc.","McCarthy, Timothy","50 Whitecap DriveNorth Kingstown, RI  02852",401-739-3330,RI,timothy.mccarthy@amwins.com,"Amwins Group Benefits, Inc.",Third Party Administrator,"Amwins Group Benefits, Inc.",1993001,Non-resident,Louisiana,289631,Producer,Producer Agency,Life ,6/19/2002,4/30/2018,Active
,"Amwins Group Benefits, Inc.","McCarthy, Timothy","50 Whitecap DriveNorth Kingstown, RI  02852",401-739-3330,RI,timothy.mccarthy@amwins.com,"Amwins Group Benefits, Inc.",Third Party Administrator,"Amwins Group Benefits, Inc.",1993001,Non-resident,Louisiana,289631,Producer,Producer Agency,Property,6/19/2002,4/30/2017,Active
,"Amwins Group Benefits, Inc.","McCarthy, Timothy","50 Whitecap DriveNorth Kingstown, RI  02852",401-739-3330,RI,timothy.mccarthy@amwins.com,"Amwins Group Benefits, Inc.",Third Party Administrator,"Amwins Group Benefits, Inc.",1993001,Non-resident,Massachusetts,1796058,Producer,Business Entity Producer,Accident/Health/Sickness,5/7/2004,5/7/2016,Active
,"Amwins Group Benefits, Inc.","McCarthy, Timothy","50 Whitecap DriveNorth Kingstown, RI  02852",401-739-3330,RI,timothy.mccarthy@amwins.com,"Amwins Group Benefits, Inc.",Third Party Administrator,"Amwins Group Benefits, Inc.",1993001,Non-resident,Massachusetts,1796058,Producer,Business Entity Producer,Casualty,7/23/2007,5/7/2016,Active
,"Amwins Group Benefits, Inc.","McCarthy, Timothy","50 Whitecap DriveNorth Kingstown, RI  02852",401-739-3330,RI,timothy.mccarthy@amwins.com,"Amwins Group Benefits, Inc.",Third Party Administrator,"Amwins Group Benefits, Inc.",1993001,Non-resident,Massachusetts,1796058,Producer,Business Entity Producer,Life,5/7/2004,5/7/2016,Active
,"Amwins Group Benefits, Inc.","McCarthy, Timothy","50 Whitecap DriveNorth Kingstown, RI  02852",401-739-3330,RI,timothy.mccarthy@amwins.com,"Amwins Group Benefits, Inc.",Third Party Administrator,"Amwins Group Benefits, Inc.",1993001,Non-resident,Massachusetts,1796058,Producer,Business Entity Producer,Property,7/23/2007,5/7/2016,Active
,"Amwins Group Benefits, Inc.","McCarthy, Timothy","50 Whitecap DriveNorth Kingstown, RI  02852",401-739-3330,RI,timothy.mccarthy@amwins.com,"Amwins Group Benefits, Inc.",Third Party Administrator,"Amwins Group Benefits, Inc.",1993001,Non-resident,Maryland,163546,Producer,Producer,Casualty,5/3/2002,5/2/2016,Active
,"Amwins Group Benefits, Inc.","McCarthy, Timothy","50 Whitecap DriveNorth Kingstown, RI  02852",401-739-3330,RI,timothy.mccarthy@amwins.com,"Amwins Group Benefits, Inc.",Third Party Administrator,"Amwins Group Benefits, Inc.",1993001,Non-resident,Maryland,163546,Producer,Producer,Health,5/3/2002,5/2/2016,Active
,"Amwins Group Benefits, Inc.","McCarthy, Timothy","50 Whitecap DriveNorth Kingstown, RI  02852",401-739-3330,RI,timothy.mccarthy@amwins.com,"Amwins Group Benefits, Inc.",Third Party Administrator,"Amwins Group Benefits, Inc.",1993001,Non-resident,Maryland,163546,Producer,Producer,Life,12/19/2007,5/2/2016,Active
,"Amwins Group Benefits, Inc.","McCarthy, Timothy","50 Whitecap DriveNorth Kingstown, RI  02852",401-739-3330,RI,timothy.mccarthy@amwins.com,"Amwins Group Benefits, Inc.",Third Party Administrator,"Amwins Group Benefits, Inc.",1993001,Non-resident,Maryland,163546,Producer,Producer,Property,5/3/2002,5/2/2016,Active
,"Amwins Group Benefits, Inc.","McCarthy, Timothy","50 Whitecap DriveNorth Kingstown, RI  02852",401-739-3330,RI,timothy.mccarthy@amwins.com,"Amwins Group Benefits, Inc.",Third Party Administrator,"Amwins Group Benefits, Inc.",1993001,Non-resident,Maine,AGN80805,Producer,Producer Business Entity,No LOA Needed,9/12/2001,12/31/9999,Active
,"Amwins Group Benefits, Inc.","McCarthy, Timothy","50 Whitecap DriveNorth Kingstown, RI  02852",401-739-3330,RI,timothy.mccarthy@amwins.com,"Amwins Group Benefits, Inc.",Third Party Administrator,"Amwins Group Benefits, Inc.",1993001,Non-resident,Michigan,25960,Producer,Producer,Accident/Health,11/14/2001,12/31/9999,Active
,"Amwins Group Benefits, Inc.","McCarthy, Timothy","50 Whitecap DriveNorth Kingstown, RI  02852",401-739-3330,RI,timothy.mccarthy@amwins.com,"Amwins Group Benefits, Inc.",Third Party Administrator,"Amwins Group Benefits, Inc.",1993001,Non-resident,Michigan,25960,Producer,Producer,Casualty,3/1/2002,12/31/9999,Active
,"Amwins Group Benefits, Inc.","McCarthy, Timothy","50 Whitecap DriveNorth Kingstown, RI  02852",401-739-3330,RI,timothy.mccarthy@amwins.com,"Amwins Group Benefits, Inc.",Third Party Administrator,"Amwins Group Benefits, Inc.",1993001,Non-resident,Michigan,25960,Producer,Producer,Life,11/14/2001,12/31/9999,Active
,"Amwins Group Benefits, Inc.","McCarthy, Timothy","50 Whitecap DriveNorth Kingstown, RI  02852",401-739-3330,RI,timothy.mccarthy@amwins.com,"Amwins Group Benefits, Inc.",Third Party Administrator,"Amwins Group Benefits, Inc.",1993001,Non-resident,Michigan,25960,Producer,Producer,Property,3/1/2002,12/31/9999,Active
,"Amwins Group Benefits, Inc.","McCarthy, Timothy","50 Whitecap DriveNorth Kingstown, RI  02852",401-739-3330,RI,timothy.mccarthy@amwins.com,"Amwins Group Benefits, Inc.",Third Party Administrator,"Amwins Group Benefits, Inc.",1993001,Non-resident,Minnesota,20265640,Producer,Producer,No LOA Needed,3/12/2001,10/31/2016,Active
,"Amwins Group Benefits, Inc.","McCarthy, Timothy","50 Whitecap DriveNorth Kingstown, RI  02852",401-739-3330,RI,timothy.mccarthy@amwins.com,"Amwins Group Benefits, Inc.",Third Party Administrator,"Amwins Group Benefits, Inc.",1993001,Non-resident,Missouri,8011513,Producer,Producer,Lines Held by Employees,2/25/2010,10/25/2016,Active
,"Amwins Group Benefits, Inc.","McCarthy, Timothy","50 Whitecap DriveNorth Kingstown, RI  02852",401-739-3330,RI,timothy.mccarthy@amwins.com,"Amwins Group Benefits, Inc.",Third Party Administrator,"Amwins Group Benefits, Inc. DBA Amwins RX",1993001,Non-resident,Missouri,8044365,Producer,Producer,Lines Held by Employees,2/25/2010,2/25/2016,Active
,"Amwins Group Benefits, Inc.","McCarthy, Timothy","50 Whitecap DriveNorth Kingstown, RI  02852",401-739-3330,RI,timothy.mccarthy@amwins.com,"Amwins Group Benefits, Inc.",Third Party Administrator,"Amwins Group Benefits, Inc.",1993001,Non-resident,Mississippi,412851,Producer,Insurance Producer Entity,No LOA Needed,10/27/2009,5/31/2017,Active
,"Amwins Group Benefits, Inc.","McCarthy, Timothy","50 Whitecap DriveNorth Kingstown, RI  02852",401-739-3330,RI,timothy.mccarthy@amwins.com,"Amwins Group Benefits, Inc.",Third Party Administrator,"Amwins Group Benefits, Inc.",1993001,Non-resident,Montana,907970,Producer,Producer,Casualty,9/12/2001,12/31/9999,Active
,"Amwins Group Benefits, Inc.","McCarthy, Timothy","50 Whitecap DriveNorth Kingstown, RI  02852",401-739-3330,RI,timothy.mccarthy@amwins.com,"Amwins Group Benefits, Inc.",Third Party Administrator,"Amwins Group Benefits, Inc.",1993001,Non-resident,Montana,907970,Producer,Producer,Disability/Health,3/26/2001,12/31/9999,Active
,"Amwins Group Benefits, Inc.","McCarthy, Timothy","50 Whitecap DriveNorth Kingstown, RI  02852",401-739-3330,RI,timothy.mccarthy@amwins.com,"Amwins Group Benefits, Inc.",Third Party Administrator,"Amwins Group Benefits, Inc.",1993001,Non-resident,Montana,907970,Producer,Producer,Life,3/26/2001,12/31/9999,Active
,"Amwins Group Benefits, Inc.","McCarthy, Timothy","50 Whitecap DriveNorth Kingstown, RI  02852",401-739-3330,RI,timothy.mccarthy@amwins.com,"Amwins Group Benefits, Inc.",Third Party Administrator,"Amwins Group Benefits, Inc.",1993001,Non-resident,Montana,907970,Producer,Producer,Property,9/12/2001,12/31/9999,Active
,"Amwins Group Benefits, Inc.","McCarthy, Timothy","50 Whitecap DriveNorth Kingstown, RI  02852",401-739-3330,RI,timothy.mccarthy@amwins.com,"Amwins Group Benefits, Inc.",Third Party Administrator,"Amwins Group Benefits, Inc.",1993001,Non-resident,North Carolina,50461576,Producer,Corporation,No LOA Needed,5/16/2002,3/31/2016,Active
,"Amwins Group Benefits, Inc.","McCarthy, Timothy","50 Whitecap DriveNorth Kingstown, RI  02852",401-739-3330,RI,timothy.mccarthy@amwins.com,"Amwins Group Benefits, Inc.",Third Party Administrator,"Amwins Group Benefits, Inc.",1993001,Non-resident,North Dakota,20292425,Producer,Producer,Accident/Health,3/16/2001,12/31/9999,Active
,"Amwins Group Benefits, Inc.","McCarthy, Timothy","50 Whitecap DriveNorth Kingstown, RI  02852",401-739-3330,RI,timothy.mccarthy@amwins.com,"Amwins Group Benefits, Inc.",Third Party Administrator,"Amwins Group Benefits, Inc.",1993001,Non-resident,North Dakota,20292425,Producer,Producer,Casualty,3/16/2001,12/31/9999,Active
,"Amwins Group Benefits, Inc.","McCarthy, Timothy","50 Whitecap DriveNorth Kingstown, RI  02852",401-739-3330,RI,timothy.mccarthy@amwins.com,"Amwins Group Benefits, Inc.",Third Party Administrator,"Amwins Group Benefits, Inc.",1993001,Non-resident,North Dakota,20292425,Producer,Producer,Life,3/16/2001,12/31/9999,Active
,"Amwins Group Benefits, Inc.","McCarthy, Timothy","50 Whitecap DriveNorth Kingstown, RI  02852",401-739-3330,RI,timothy.mccarthy@amwins.com,"Amwins Group Benefits, Inc.",Third Party Administrator,"Amwins Group Benefits, Inc.",1993001,Non-resident,North Dakota,20292425,Producer,Producer,Annuity,3/16/2001,12/31/9999,Active
,"Amwins Group Benefits, Inc.","McCarthy, Timothy","50 Whitecap DriveNorth Kingstown, RI  02852",401-739-3330,RI,timothy.mccarthy@amwins.com,"Amwins Group Benefits, Inc.",Third Party Administrator,"Amwins Group Benefits, Inc.",1993001,Non-resident,North Dakota,20292425,Producer,Producer,Property,3/16/2001,12/31/9999,Active
,"Amwins Group Benefits, Inc.","McCarthy, Timothy","50 Whitecap DriveNorth Kingstown, RI  02852",401-739-3330,RI,timothy.mccarthy@amwins.com,"Amwins Group Benefits, Inc.",Third Party Administrator,"Amwins Group Benefits, Inc.",1993001,Non-resident,Nebraska,100182893,Producer,Agency,No LOA Needed,7/25/2000,4/30/2016,Active
,"Amwins Group Benefits, Inc.","McCarthy, Timothy","50 Whitecap DriveNorth Kingstown, RI  02852",401-739-3330,RI,timothy.mccarthy@amwins.com,"Amwins Group Benefits, Inc.",Third Party Administrator,"Amwins Group Benefits, Inc.",1993001,Non-resident,New Hampshire,352177,Producer,Producer,Accident/Health,3/9/2001,5/31/2016,Active
,"Amwins Group Benefits, Inc.","McCarthy, Timothy","50 Whitecap DriveNorth Kingstown, RI  02852",401-739-3330,RI,timothy.mccarthy@amwins.com,"Amwins Group Benefits, Inc.",Third Party Administrator,"Amwins Group Benefits, Inc.",1993001,Non-resident,New Hampshire,352177,Producer,Producer,Life,3/9/2001,5/31/2016,Active
,"Amwins Group Benefits, Inc.","McCarthy, Timothy","50 Whitecap DriveNorth Kingstown, RI  02852",401-739-3330,RI,timothy.mccarthy@amwins.com,"Amwins Group Benefits, Inc.",Third Party Administrator,"Amwins Group Benefits, Inc.",1993001,Non-resident,New Hampshire,352177,Producer,Producer,Property,3/9/2001,5/31/2016,Active
,"Amwins Group Benefits, Inc.","McCarthy, Timothy","50 Whitecap DriveNorth Kingstown, RI  02852",401-739-3330,RI,timothy.mccarthy@amwins.com,"Amwins Group Benefits, Inc.",Third Party Administrator,"Amwins Group Benefits, Inc.",1993001,Non-resident,New Hampshire,352177,Producer,Producer,Casualty,3/9/2001,5/31/2016,Active
,"Amwins Group Benefits, Inc.","McCarthy, Timothy","50 Whitecap DriveNorth Kingstown, RI  02852",401-739-3330,RI,timothy.mccarthy@amwins.com,"Amwins Group Benefits, Inc.",Third Party Administrator,"Amwins Group Benefits, Inc.",1993001,Non-resident,New Jersey,9585157,Producer,Producer-Organization (Corp),Accident/Health/Sickness,9/28/1995,5/31/2017,Active
,"Amwins Group Benefits, Inc.","McCarthy, Timothy","50 Whitecap DriveNorth Kingstown, RI  02852",401-739-3330,RI,timothy.mccarthy@amwins.com,"Amwins Group Benefits, Inc.",Third Party Administrator,"Amwins Group Benefits, Inc.",1993001,Non-resident,New Jersey,9585157,Producer,Producer-Organization (Corp),Casualty,7/17/2008,5/31/2017,Active
,"Amwins Group Benefits, Inc.","McCarthy, Timothy","50 Whitecap DriveNorth Kingstown, RI  02852",401-739-3330,RI,timothy.mccarthy@amwins.com,"Amwins Group Benefits, Inc.",Third Party Administrator,"Amwins Group Benefits, Inc.",1993001,Non-resident,New Jersey,9585157,Producer,Producer-Organization (Corp),Life,9/28/1995,5/31/2017,Active
,"Amwins Group Benefits, Inc.","McCarthy, Timothy","50 Whitecap DriveNorth Kingstown, RI  02852",401-739-3330,RI,timothy.mccarthy@amwins.com,"Amwins Group Benefits, Inc.",Third Party Administrator,"Amwins Group Benefits, Inc.",1993001,Non-resident,New Jersey,9585157,Producer,Producer-Organization (Corp),Property,7/17/2008,5/31/2017,Active
,"Amwins Group Benefits, Inc.","McCarthy, Timothy","50 Whitecap DriveNorth Kingstown, RI  02852",401-739-3330,RI,timothy.mccarthy@amwins.com,"Amwins Group Benefits, Inc.",Third Party Administrator,"Amwins Group Benefits, Inc.",1993001,Non-resident,New Mexico,550377,Producer,Firm,Casualty,5/26/2009,4/30/2016,Active
,"Amwins Group Benefits, Inc.","McCarthy, Timothy","50 Whitecap DriveNorth Kingstown, RI  02852",401-739-3330,RI,timothy.mccarthy@amwins.com,"Amwins Group Benefits, Inc.",Third Party Administrator,"Amwins Group Benefits, Inc.",1993001,Non-resident,New Mexico,550377,Producer,Firm,Surety,5/26/2009,4/30/2016,Active
,"Amwins Group Benefits, Inc.","McCarthy, Timothy","50 Whitecap DriveNorth Kingstown, RI  02852",401-739-3330,RI,timothy.mccarthy@amwins.com,"Amwins Group Benefits, Inc.",Third Party Administrator,"Amwins Group Benefits, Inc.",1993001,Non-resident,New Mexico,550377,Producer,Firm,Life,5/26/2009,4/30/2016,Active
,"Amwins Group Benefits, Inc.","McCarthy, Timothy","50 Whitecap DriveNorth Kingstown, RI  02852",401-739-3330,RI,timothy.mccarthy@amwins.com,"Amwins Group Benefits, Inc.",Third Party Administrator,"Amwins Group Benefits, Inc.",1993001,Non-resident,New Mexico,550377,Producer,Firm,Accident/Health,5/26/2009,4/30/2016,Active
,"Amwins Group Benefits, Inc.","McCarthy, Timothy","50 Whitecap DriveNorth Kingstown, RI  02852",401-739-3330,RI,timothy.mccarthy@amwins.com,"Amwins Group Benefits, Inc.",Third Party Administrator,"Amwins Group Benefits, Inc.",1993001,Non-resident,New Mexico,550377,Producer,Firm,Property,5/26/2009,4/30/2016,Active
,"Amwins Group Benefits, Inc.","McCarthy, Timothy","50 Whitecap DriveNorth Kingstown, RI  02852",401-739-3330,RI,timothy.mccarthy@amwins.com,"Amwins Group Benefits, Inc.",Third Party Administrator,"Amwins Group Benefits, Inc.",1993001,Non-resident,New Mexico,550377,Producer,Firm,Marine/Transportation,5/26/2009,4/30/2016,Active
,"Amwins Group Benefits, Inc.","McCarthy, Timothy","50 Whitecap DriveNorth Kingstown, RI  02852",401-739-3330,RI,timothy.mccarthy@amwins.com,"Amwins Group Benefits, Inc.",Third Party Administrator,"Amwins Group Benefits, Inc.",1993001,Non-resident,New Mexico,550377,Producer,Firm,Vehicle,5/26/2009,4/30/2016,Active
,"Amwins Group Benefits, Inc.","McCarthy, Timothy","50 Whitecap DriveNorth Kingstown, RI  02852",401-739-3330,RI,timothy.mccarthy@amwins.com,"Amwins Group Benefits, Inc.",Third Party Administrator,"Amwins Group Benefits, Inc.",1993001,Non-resident,Nevada,9913,Producer,Producer/Producer Firm,Casualty,10/1/2001,5/1/2016,Active
,"Amwins Group Benefits, Inc.","McCarthy, Timothy","50 Whitecap DriveNorth Kingstown, RI  02852",401-739-3330,RI,timothy.mccarthy@amwins.com,"Amwins Group Benefits, Inc.",Third Party Administrator,"Amwins Group Benefits, Inc.",1993001,Non-resident,Nevada,9913,Producer,Producer/Producer Firm,Health,10/1/2001,5/1/2016,Active
,"Amwins Group Benefits, Inc.","McCarthy, Timothy","50 Whitecap DriveNorth Kingstown, RI  02852",401-739-3330,RI,timothy.mccarthy@amwins.com,"Amwins Group Benefits, Inc.",Third Party Administrator,"Amwins Group Benefits, Inc.",1993001,Non-resident,Nevada,9913,Producer,Producer/Producer Firm,Life,10/1/2001,5/1/2016,Active
,"Amwins Group Benefits, Inc.","McCarthy, Timothy","50 Whitecap DriveNorth Kingstown, RI  02852",401-739-3330,RI,timothy.mccarthy@amwins.com,"Amwins Group Benefits, Inc.",Third Party Administrator,"Amwins Group Benefits, Inc.",1993001,Non-resident,Nevada,9913,Producer,Producer/Producer Firm,Property,10/1/2001,5/1/2016,Active
,"Amwins Group Benefits, Inc.","McCarthy, Timothy","50 Whitecap DriveNorth Kingstown, RI  02852",401-739-3330,RI,timothy.mccarthy@amwins.com,"Amwins Group Benefits, Inc.",Third Party Administrator,"Amwins Group Benefits, Inc.",1993001,Non-resident,New York,PC-946387,Producer,Property/Casualty Agent,Baggage,7/1/2014,6/30/2016,Active
,"Amwins Group Benefits, Inc.","McCarthy, Timothy","50 Whitecap DriveNorth Kingstown, RI  02852",401-739-3330,RI,timothy.mccarthy@amwins.com,"Amwins Group Benefits, Inc.",Third Party Administrator,"Amwins Group Benefits, Inc.",1993001,Non-resident,New York,PC-946387,Producer,Property/Casualty Agent,Casualty,7/1/2014,6/30/2016,Active
,"Amwins Group Benefits, Inc.","McCarthy, Timothy","50 Whitecap DriveNorth Kingstown, RI  02852",401-739-3330,RI,timothy.mccarthy@amwins.com,"Amwins Group Benefits, Inc.",Third Party Administrator,"Amwins Group Benefits, Inc.",1993001,Non-resident,New York,PC-946387,Producer,Property/Casualty Agent,Personal Lines,7/1/2014,6/30/2016,Active
,"Amwins Group Benefits, Inc.","McCarthy, Timothy","50 Whitecap DriveNorth Kingstown, RI  02852",401-739-3330,RI,timothy.mccarthy@amwins.com,"Amwins Group Benefits, Inc.",Third Party Administrator,"Amwins Group Benefits, Inc.",1993001,Non-resident,New York,PC-946387,Producer,Property/Casualty Agent,Property,7/1/2014,6/30/2016,Active
,"Amwins Group Benefits, Inc.","McCarthy, Timothy","50 Whitecap DriveNorth Kingstown, RI  02852",401-739-3330,RI,timothy.mccarthy@amwins.com,"Amwins Group Benefits, Inc.",Third Party Administrator,"Amwins Group Benefits, Inc.",1993001,Non-resident,New York,LA-946387,Producer,Life/Accident & Health Agent,Accident/Health,7/1/2015,6/30/2017,Active
,"Amwins Group Benefits, Inc.","McCarthy, Timothy","50 Whitecap DriveNorth Kingstown, RI  02852",401-739-3330,RI,timothy.mccarthy@amwins.com,"Amwins Group Benefits, Inc.",Third Party Administrator,"Amwins Group Benefits, Inc.",1993001,Non-resident,New York,LA-946387,Producer,Life/Accident & Health Agent,Life,7/1/2015,6/30/2017,Active
,"Amwins Group Benefits, Inc.","McCarthy, Timothy","50 Whitecap DriveNorth Kingstown, RI  02852",401-739-3330,RI,timothy.mccarthy@amwins.com,"Amwins Group Benefits, Inc.",Third Party Administrator,"Amwins Group Benefits, Inc.",1993001,Non-resident,New York,LA-946387,Producer,Life/Accident & Health Agent,Variable Life/Variable Annuity,7/1/2015,6/30/2017,Active
,"Amwins Group Benefits, Inc.","McCarthy, Timothy","50 Whitecap DriveNorth Kingstown, RI  02852",401-739-3330,RI,timothy.mccarthy@amwins.com,"Amwins Group Benefits, Inc.",Third Party Administrator,"Amwins Group Benefits, Inc.",1993001,Non-resident,Ohio,26109,Producer,Major Lines,Accident/Health,5/3/2001,9/30/2017,Active
,"Amwins Group Benefits, Inc.","McCarthy, Timothy","50 Whitecap DriveNorth Kingstown, RI  02852",401-739-3330,RI,timothy.mccarthy@amwins.com,"Amwins Group Benefits, Inc.",Third Party Administrator,"Amwins Group Benefits, Inc.",1993001,Non-resident,Ohio,26109,Producer,Major Lines,Casualty,5/3/2001,9/30/2017,Active
,"Amwins Group Benefits, Inc.","McCarthy, Timothy","50 Whitecap DriveNorth Kingstown, RI  02852",401-739-3330,RI,timothy.mccarthy@amwins.com,"Amwins Group Benefits, Inc.",Third Party Administrator,"Amwins Group Benefits, Inc.",1993001,Non-resident,Ohio,26109,Producer,Major Lines,Life,5/3/2001,9/30/2017,Active
,"Amwins Group Benefits, Inc.","McCarthy, Timothy","50 Whitecap DriveNorth Kingstown, RI  02852",401-739-3330,RI,timothy.mccarthy@amwins.com,"Amwins Group Benefits, Inc.",Third Party Administrator,"Amwins Group Benefits, Inc.",1993001,Non-resident,Ohio,26109,Producer,Major Lines,Property,5/3/2001,9/30/2017,Active
,"Amwins Group Benefits, Inc.","McCarthy, Timothy","50 Whitecap DriveNorth Kingstown, RI  02852",401-739-3330,RI,timothy.mccarthy@amwins.com,"Amwins Group Benefits, Inc.",Third Party Administrator,"Amwins Group Benefits, Inc.",1993001,Non-resident,Oklahoma,100100773,Producer,Producer,Accident/Health,3/29/2001,3/31/2017,Active
,"Amwins Group Benefits, Inc.","McCarthy, Timothy","50 Whitecap DriveNorth Kingstown, RI  02852",401-739-3330,RI,timothy.mccarthy@amwins.com,"Amwins Group Benefits, Inc.",Third Party Administrator,"Amwins Group Benefits, Inc.",1993001,Non-resident,Oklahoma,100100773,Producer,Producer,Casualty,3/29/2001,3/31/2017,Active
,"Amwins Group Benefits, Inc.","McCarthy, Timothy","50 Whitecap DriveNorth Kingstown, RI  02852",401-739-3330,RI,timothy.mccarthy@amwins.com,"Amwins Group Benefits, Inc.",Third Party Administrator,"Amwins Group Benefits, Inc.",1993001,Non-resident,Oklahoma,100100773,Producer,Producer,Life,3/29/2001,3/31/2017,Active
,"Amwins Group Benefits, Inc.","McCarthy, Timothy","50 Whitecap DriveNorth Kingstown, RI  02852",401-739-3330,RI,timothy.mccarthy@amwins.com,"Amwins Group Benefits, Inc.",Third Party Administrator,"Amwins Group Benefits, Inc.",1993001,Non-resident,Oklahoma,100100773,Producer,Producer,Property,3/29/2001,3/31/2017,Active
,"Amwins Group Benefits, Inc.","McCarthy, Timothy","50 Whitecap DriveNorth Kingstown, RI  02852",401-739-3330,RI,timothy.mccarthy@amwins.com,"Amwins Group Benefits, Inc.",Third Party Administrator,"Amwins Group Benefits, Inc.",1993001,Non-resident,Oregon,100162045,Producer,Producer,Casualty,7/30/2007,7/31/2016,Active
,"Amwins Group Benefits, Inc.","McCarthy, Timothy","50 Whitecap DriveNorth Kingstown, RI  02852",401-739-3330,RI,timothy.mccarthy@amwins.com,"Amwins Group Benefits, Inc.",Third Party Administrator,"Amwins Group Benefits, Inc.",1993001,Non-resident,Oregon,100162045,Producer,Producer,Health,7/16/2002,7/31/2016,Active
,"Amwins Group Benefits, Inc.","McCarthy, Timothy","50 Whitecap DriveNorth Kingstown, RI  02852",401-739-3330,RI,timothy.mccarthy@amwins.com,"Amwins Group Benefits, Inc.",Third Party Administrator,"Amwins Group Benefits, Inc.",1993001,Non-resident,Oregon,100162045,Producer,Producer,Life,7/16/2002,7/31/2016,Active
,"Amwins Group Benefits, Inc.","McCarthy, Timothy","50 Whitecap DriveNorth Kingstown, RI  02852",401-739-3330,RI,timothy.mccarthy@amwins.com,"Amwins Group Benefits, Inc.",Third Party Administrator,"Amwins Group Benefits, Inc.",1993001,Non-resident,Oregon,100162045,Producer,Producer,Property,7/30/2007,7/31/2016,Active
,"Amwins Group Benefits, Inc.","McCarthy, Timothy","50 Whitecap DriveNorth Kingstown, RI  02852",401-739-3330,RI,timothy.mccarthy@amwins.com,"Amwins Group Benefits, Inc.",Third Party Administrator,"Amwins Group Benefits, Inc.",1993001,Non-resident,Pennsylvania,58169,Producer,Producer Agency,Accident/Health,4/17/2004,4/17/2016,Active
,"Amwins Group Benefits, Inc.","McCarthy, Timothy","50 Whitecap DriveNorth Kingstown, RI  02852",401-739-3330,RI,timothy.mccarthy@amwins.com,"Amwins Group Benefits, Inc.",Third Party Administrator,"Amwins Group Benefits, Inc.",1993001,Non-resident,Pennsylvania,58169,Producer,Producer Agency,Casualty/Allied Lines,2/22/2008,4/17/2016,Active
,"Amwins Group Benefits, Inc.","McCarthy, Timothy","50 Whitecap DriveNorth Kingstown, RI  02852",401-739-3330,RI,timothy.mccarthy@amwins.com,"Amwins Group Benefits, Inc.",Third Party Administrator,"Amwins Group Benefits, Inc.",1993001,Non-resident,Pennsylvania,58169,Producer,Producer Agency,Life,4/17/2004,4/17/2016,Active
,"Amwins Group Benefits, Inc.","McCarthy, Timothy","50 Whitecap DriveNorth Kingstown, RI  02852",401-739-3330,RI,timothy.mccarthy@amwins.com,"Amwins Group Benefits, Inc.",Third Party Administrator,"Amwins Group Benefits, Inc.",1993001,Non-resident,Pennsylvania,58169,Producer,Producer Agency,Fixed Annuities,4/17/2004,4/17/2016,Active
,"Amwins Group Benefits, Inc.","McCarthy, Timothy","50 Whitecap DriveNorth Kingstown, RI  02852",401-739-3330,RI,timothy.mccarthy@amwins.com,"Amwins Group Benefits, Inc.",Third Party Administrator,"Amwins Group Benefits, Inc.",1993001,Non-resident,Pennsylvania,58169,Producer,Producer Agency,Property/Allied Lines,2/22/2008,4/17/2016,Active
,"Amwins Group Benefits, Inc.","McCarthy, Timothy","50 Whitecap DriveNorth Kingstown, RI  02852",401-739-3330,RI,timothy.mccarthy@amwins.com,"Amwins Group Benefits, Inc.",Third Party Administrator,"Amwins Group Benefits, Inc.",1993001,Non-resident,South Carolina,149211,Producer,Agency,No LOA Needed,8/7/2001,1/1/2016,Active
,"Amwins Group Benefits, Inc.","McCarthy, Timothy","50 Whitecap DriveNorth Kingstown, RI  02852",401-739-3330,RI,timothy.mccarthy@amwins.com,"Amwins Group Benefits, Inc.",Third Party Administrator,"Amwins Group Benefits, Inc.",1993001,Non-resident,South Dakota,8005,Producer,Business Entity Producer,No LOA Needed,8/22/2001,,Active
,"Amwins Group Benefits, Inc.","McCarthy, Timothy","50 Whitecap DriveNorth Kingstown, RI  02852",401-739-3330,RI,timothy.mccarthy@amwins.com,"Amwins Group Benefits, Inc.",Third Party Administrator,"Amwins Group Benefits, Inc.",1993001,Non-resident,Texas,1418490,Producer,General Lines Agency/Agent,Life,11/2/2006,11/2/2016,Active
,"Amwins Group Benefits, Inc.","McCarthy, Timothy","50 Whitecap DriveNorth Kingstown, RI  02852",401-739-3330,RI,timothy.mccarthy@amwins.com,"Amwins Group Benefits, Inc.",Third Party Administrator,"Amwins Group Benefits, Inc.",1993001,Non-resident,Texas,1418490,Producer,General Lines Agency/Agent,Accident/Health,11/2/2006,11/2/2016,Active
,"Amwins Group Benefits, Inc.","McCarthy, Timothy","50 Whitecap DriveNorth Kingstown, RI  02852",401-739-3330,RI,timothy.mccarthy@amwins.com,"Amwins Group Benefits, Inc.",Third Party Administrator,"Amwins Group Benefits, Inc.",1993001,Non-resident,Texas,1418490,Producer,General Lines Agency/Agent,HMO,11/2/2006,11/2/2016,Active
,"Amwins Group Benefits, Inc.","McCarthy, Timothy","50 Whitecap DriveNorth Kingstown, RI  02852",401-739-3330,RI,timothy.mccarthy@amwins.com,"Amwins Group Benefits, Inc.",Third Party Administrator,"Amwins Group Benefits, Inc.",1993001,Non-resident,Texas,1418490,Producer,General Lines Agency/Agent,Property,12/28/2007,11/2/2016,Active
,"Amwins Group Benefits, Inc.","McCarthy, Timothy","50 Whitecap DriveNorth Kingstown, RI  02852",401-739-3330,RI,timothy.mccarthy@amwins.com,"Amwins Group Benefits, Inc.",Third Party Administrator,"Amwins Group Benefits, Inc.",1993001,Non-resident,Texas,1418490,Producer,General Lines Agency/Agent,Casualty,12/28/2007,11/2/2016,Active
,"Amwins Group Benefits, Inc.","McCarthy, Timothy","50 Whitecap DriveNorth Kingstown, RI  02852",401-739-3330,RI,timothy.mccarthy@amwins.com,"Amwins Group Benefits, Inc.",Third Party Administrator,"Amwins Group Benefits, Inc.",1993001,Non-resident,Utah,97740,Producer,Producer,Accident/Health,5/16/2002,3/31/2017,Active
,"Amwins Group Benefits, Inc.","McCarthy, Timothy","50 Whitecap DriveNorth Kingstown, RI  02852",401-739-3330,RI,timothy.mccarthy@amwins.com,"Amwins Group Benefits, Inc.",Third Party Administrator,"Amwins Group Benefits, Inc.",1993001,Non-resident,Utah,97740,Producer,Producer,Casualty,5/16/2002,3/31/2017,Active
,"Amwins Group Benefits, Inc.","McCarthy, Timothy","50 Whitecap DriveNorth Kingstown, RI  02852",401-739-3330,RI,timothy.mccarthy@amwins.com,"Amwins Group Benefits, Inc.",Third Party Administrator,"Amwins Group Benefits, Inc.",1993001,Non-resident,Utah,97740,Producer,Producer,Life,5/16/2002,3/31/2017,Active
,"Amwins Group Benefits, Inc.","McCarthy, Timothy","50 Whitecap DriveNorth Kingstown, RI  02852",401-739-3330,RI,timothy.mccarthy@amwins.com,"Amwins Group Benefits, Inc.",Third Party Administrator,"Amwins Group Benefits, Inc.",1993001,Non-resident,Utah,97740,Producer,Producer,Property,5/16/2002,3/31/2017,Active
,"Amwins Group Benefits, Inc.","McCarthy, Timothy","50 Whitecap DriveNorth Kingstown, RI  02852",401-739-3330,RI,timothy.mccarthy@amwins.com,"Amwins Group Benefits, Inc.",Third Party Administrator,"Amwins Group Benefits, Inc.",1993001,Non-resident,Virginia,100375,Producer,Producer,Health,3/9/2001,,Active
,"Amwins Group Benefits, Inc.","McCarthy, Timothy","50 Whitecap DriveNorth Kingstown, RI  02852",401-739-3330,RI,timothy.mccarthy@amwins.com,"Amwins Group Benefits, Inc.",Third Party Administrator,"Amwins Group Benefits, Inc.",1993001,Non-resident,Virginia,100375,Producer,Producer,Life,3/9/2001,,Active
,"Amwins Group Benefits, Inc.","McCarthy, Timothy","50 Whitecap DriveNorth Kingstown, RI  02852",401-739-3330,RI,timothy.mccarthy@amwins.com,"Amwins Group Benefits, Inc.",Third Party Administrator,"Amwins Group Benefits, Inc.",1993001,Non-resident,Virginia,100375,Producer,Producer,Annuities,3/9/2001,,Active
,"Amwins Group Benefits, Inc.","McCarthy, Timothy","50 Whitecap DriveNorth Kingstown, RI  02852",401-739-3330,RI,timothy.mccarthy@amwins.com,"Amwins Group Benefits, Inc.",Third Party Administrator,"Amwins Group Benefits, Inc.",1993001,Non-resident,Virginia,100375,Producer,Producer,Property,3/9/2001,,Active
,"Amwins Group Benefits, Inc.","McCarthy, Timothy","50 Whitecap DriveNorth Kingstown, RI  02852",401-739-3330,RI,timothy.mccarthy@amwins.com,"Amwins Group Benefits, Inc.",Third Party Administrator,"Amwins Group Benefits, Inc.",1993001,Non-resident,Virginia,100375,Producer,Producer,Casualty,3/9/2001,,Active
,"Amwins Group Benefits, Inc.","McCarthy, Timothy","50 Whitecap DriveNorth Kingstown, RI  02852",401-739-3330,RI,timothy.mccarthy@amwins.com,"Amwins Group Benefits, Inc.",Third Party Administrator,"Amwins Group Benefits, Inc.",1993001,Non-resident,Washington,178733,Producer,Producer,Casualty,7/1/2009,4/5/2017,Active
,"Amwins Group Benefits, Inc.","McCarthy, Timothy","50 Whitecap DriveNorth Kingstown, RI  02852",401-739-3330,RI,timothy.mccarthy@amwins.com,"Amwins Group Benefits, Inc.",Third Party Administrator,"Amwins Group Benefits, Inc.",1993001,Non-resident,Washington,178733,Producer,Producer,Disability ,7/1/2009,4/5/2017,Active
,"Amwins Group Benefits, Inc.","McCarthy, Timothy","50 Whitecap DriveNorth Kingstown, RI  02852",401-739-3330,RI,timothy.mccarthy@amwins.com,"Amwins Group Benefits, Inc.",Third Party Administrator,"Amwins Group Benefits, Inc.",1993001,Non-resident,Washington,178733,Producer,Producer,Life,7/1/2009,4/5/2017,Active
,"Amwins Group Benefits, Inc.","McCarthy, Timothy","50 Whitecap DriveNorth Kingstown, RI  02852",401-739-3330,RI,timothy.mccarthy@amwins.com,"Amwins Group Benefits, Inc.",Third Party Administrator,"Amwins Group Benefits, Inc.",1993001,Non-resident,Washington,178733,Producer,Producer,Property,7/1/2009,4/5/2017,Active
,"Amwins Group Benefits, Inc.","McCarthy, Timothy","50 Whitecap DriveNorth Kingstown, RI  02852",401-739-3330,RI,timothy.mccarthy@amwins.com,"Amwins Group Benefits, Inc.",Third Party Administrator,"Amwins Group Benefits, Inc.",1993001,Non-resident,West Virginia,100109658,Producer,Business Entity  ,No LOA Needed,1/15/2007,6/30/2016,Active
,"Amwins Group Benefits, Inc.","McCarthy, Timothy","50 Whitecap DriveNorth Kingstown, RI  02852",401-739-3330,RI,timothy.mccarthy@amwins.com,"Amwins Group Benefits, Inc.",Third Party Administrator,"Amwins Group Benefits, Inc.",1993001,Non-resident,Wyoming,7353,Producer,Producer Firm,Accident/Health,12/10/2001,,Active
,"Amwins Group Benefits, Inc.","McCarthy, Timothy","50 Whitecap DriveNorth Kingstown, RI  02852",401-739-3330,RI,timothy.mccarthy@amwins.com,"Amwins Group Benefits, Inc.",Third Party Administrator,"Amwins Group Benefits, Inc.",1993001,Non-resident,Wyoming,7353,Producer,Producer Firm,Casualty,12/10/2001,,Active
,"Amwins Group Benefits, Inc.","McCarthy, Timothy","50 Whitecap DriveNorth Kingstown, RI  02852",401-739-3330,RI,timothy.mccarthy@amwins.com,"Amwins Group Benefits, Inc.",Third Party Administrator,"Amwins Group Benefits, Inc.",1993001,Non-resident,Wyoming,7353,Producer,Producer Firm,Life,12/10/2001,,Active
,"Amwins Group Benefits, Inc.","McCarthy, Timothy","50 Whitecap DriveNorth Kingstown, RI  02852",401-739-3330,RI,timothy.mccarthy@amwins.com,"Amwins Group Benefits, Inc.",Third Party Administrator,"Amwins Group Benefits, Inc.",1993001,Non-resident,Wyoming,7353,Producer,Producer Firm,Personal Lines,12/10/2001,,Active
,"Amwins Group Benefits, Inc.","McCarthy, Timothy","50 Whitecap DriveNorth Kingstown, RI  02852",401-739-3330,RI,timothy.mccarthy@amwins.com,"Amwins Group Benefits, Inc.",Third Party Administrator,"Amwins Group Benefits, Inc.",1993001,Non-resident,Wyoming,7353,Producer,Producer Firm,Property,12/10/2001,,Active